<?xml version="1.0" encoding="UTF-8" standalone="no"?>
<!-- Generated Mar 7, 2024, 12:15:49 PM by Hibernate Tools 3.6.2.Final --><!DOCTYPE hibernate-mapping PUBLIC "-//Hibernate/Hibernate Mapping DTD 3.0//EN" "http://www.hibernate.org/dtd/hibernate-mapping-3.0.dtd">
<hibernate-mapping auto-import="true"
	default-access="property" default-cascade="none" default-lazy="true">
	<class dynamic-insert="false" dynamic-update="false"
		mutable="true" name="com.java.hib.Student" optimistic-lock="version"
		polymorphism="implicit" select-before-update="false" table="STUDENT">
		<id name="sid" type="int">
			<column name="SID" />
			<generator class="assigned" />
		</id>
		<property generated="never" lazy="false" name="sname"
			optimistic-lock="true" type="java.lang.String" unique="false">
			<column name="SNAME" />
		</property>
		
		<property generated="never" lazy="false" name="dob"
			optimistic-lock="true" type="java.lang.String" unique="false">
			<column name="DOB" />
		</property>
		
		<property generated="never" lazy="false" name="qualification"
			optimistic-lock="true" type="java.lang.String" unique="false">
			<column name="QUALIFICATION" />
		</property>

		<array name="courses" table="courses">
			<key>
				<column name="SID" />
				<column name="idx" />
			</key>
			<index column="idx" />
			<element column="cname" type="string" />
		</array>


		<list embed-xml="true" inverse="false" lazy="true" mutable="true"
			name="emails" optimistic-lock="true" table="STUDENT">
			<key on-delete="noaction">
				<column name="SID" />
			</key>
			<list-index base="0" />
			<element not-null="false" type="java.lang.String"
				unique="false">
				<column name="EMAILS" />
			</element>
		</list>

		<list embed-xml="true" inverse="false" lazy="true" mutable="true"
			name="marks" optimistic-lock="true" table="STUDENT">
			<key on-delete="noaction">
				<column name="SID" />
			</key>
			<list-index base="0" />
			<element not-null="false" type="java.lang.Integer"
				unique="false">
				<column name="MARKS" />
			</element>
		</list>
		<!-- set and maps doesnot have any index -->
		<set embed-xml="true" inverse="false" lazy="true" mutable="true"
			name="phones" optimistic-lock="true" sort="unsorted" table="STUDENT">
			<key on-delete="noaction">
				<column name="SID" />
			</key>
			<element not-null="false" type="java.lang.Long"
				unique="false">
				<column name="PHONES" />
			</element>
		</set>

		<map embed-xml="true" inverse="false" lazy="true" mutable="true"
			name="refs" optimistic-lock="true" sort="unsorted" table="STUDENT">
			<key on-delete="noaction">
				<column name="SID" />
			</key>
			<map-key type="java.lang.String" />
			<element not-null="false" type="java.lang.String"
				unique="false">
				<column name="REFS" />
			</element>
		</map>

	</class>
</hibernate-mapping>
